node_id,sn,cpu_milli,memory_mib,gpu,model,is_gpu_node
0,openb-node-0000,32000,262144,0,CPU-only,0
1,openb-node-0001,32000,262144,0,CPU-only,0
2,openb-node-0002,32000,262144,0,CPU-only,0
3,openb-node-0003,32000,262144,0,CPU-only,0
4,openb-node-0004,32000,262144,0,CPU-only,0
5,openb-node-0005,32000,262144,0,CPU-only,0
6,openb-node-0006,32000,262144,0,CPU-only,0
7,openb-node-0007,32000,262144,0,CPU-only,0
8,openb-node-0008,32000,262144,0,CPU-only,0
9,openb-node-0009,32000,262144,0,CPU-only,0
10,openb-node-0010,32000,262144,0,CPU-only,0
11,openb-node-0011,32000,262144,0,CPU-only,0
12,openb-node-0012,32000,262144,0,CPU-only,0
13,openb-node-0013,32000,262144,0,CPU-only,0
14,openb-node-0014,32000,262144,0,CPU-only,0
15,openb-node-0015,32000,262144,0,CPU-only,0
16,openb-node-0016,32000,262144,0,CPU-only,0
17,openb-node-0017,32000,262144,0,CPU-only,0
18,openb-node-0018,32000,262144,0,CPU-only,0
19,openb-node-0019,32000,262144,0,CPU-only,0
20,openb-node-0020,32000,262144,0,CPU-only,0
21,openb-node-0021,32000,262144,0,CPU-only,0
22,openb-node-0022,32000,262144,0,CPU-only,0
23,openb-node-0023,32000,262144,0,CPU-only,0
24,openb-node-0024,32000,262144,0,CPU-only,0
25,openb-node-0025,32000,262144,0,CPU-only,0
26,openb-node-0026,32000,262144,0,CPU-only,0
27,openb-node-0027,32000,262144,0,CPU-only,0
28,openb-node-0028,32000,262144,0,CPU-only,0
29,openb-node-0029,32000,262144,0,CPU-only,0
30,openb-node-0030,32000,262144,0,CPU-only,0
31,openb-node-0031,32000,262144,0,CPU-only,0
32,openb-node-0032,32000,262144,0,CPU-only,0
33,openb-node-0033,32000,262144,0,CPU-only,0
34,openb-node-0034,32000,262144,0,CPU-only,0
35,openb-node-0035,32000,262144,0,CPU-only,0
36,openb-node-0036,32000,262144,0,CPU-only,0
37,openb-node-0037,32000,262144,0,CPU-only,0
38,openb-node-0038,32000,262144,0,CPU-only,0
39,openb-node-0039,32000,262144,0,CPU-only,0
40,openb-node-0040,32000,262144,0,CPU-only,0
41,openb-node-0041,32000,262144,0,CPU-only,0
42,openb-node-0042,32000,262144,0,CPU-only,0
43,openb-node-0043,32000,262144,0,CPU-only,0
44,openb-node-0044,32000,262144,0,CPU-only,0
45,openb-node-0045,32000,262144,0,CPU-only,0
46,openb-node-0046,32000,262144,0,CPU-only,0
47,openb-node-0047,32000,262144,0,CPU-only,0
48,openb-node-0048,32000,262144,0,CPU-only,0
49,openb-node-0049,32000,262144,0,CPU-only,0
50,openb-node-0050,32000,262144,0,CPU-only,0
51,openb-node-0051,32000,262144,0,CPU-only,0
52,openb-node-0052,32000,262144,0,CPU-only,0
53,openb-node-0053,32000,262144,0,CPU-only,0
54,openb-node-0054,32000,262144,0,CPU-only,0
55,openb-node-0055,32000,262144,0,CPU-only,0
56,openb-node-0056,32000,262144,0,CPU-only,0
57,openb-node-0057,32000,262144,0,CPU-only,0
58,openb-node-0058,32000,262144,0,CPU-only,0
59,openb-node-0059,32000,262144,0,CPU-only,0
60,openb-node-0060,32000,262144,0,CPU-only,0
61,openb-node-0061,32000,262144,0,CPU-only,0
62,openb-node-0062,32000,262144,0,CPU-only,0
63,openb-node-0063,32000,262144,0,CPU-only,0
64,openb-node-0064,32000,262144,0,CPU-only,0
65,openb-node-0065,32000,262144,0,CPU-only,0
66,openb-node-0066,32000,262144,0,CPU-only,0
67,openb-node-0067,32000,262144,0,CPU-only,0
68,openb-node-0068,32000,262144,0,CPU-only,0
69,openb-node-0069,32000,262144,0,CPU-only,0
70,openb-node-0070,32000,262144,0,CPU-only,0
71,openb-node-0071,32000,262144,0,CPU-only,0
72,openb-node-0072,32000,262144,0,CPU-only,0
73,openb-node-0073,32000,262144,0,CPU-only,0
74,openb-node-0074,32000,262144,0,CPU-only,0
75,openb-node-0075,32000,262144,0,CPU-only,0
76,openb-node-0076,32000,262144,0,CPU-only,0
77,openb-node-0077,32000,262144,0,CPU-only,0
78,openb-node-0078,32000,262144,0,CPU-only,0
79,openb-node-0079,32000,262144,0,CPU-only,0
80,openb-node-0080,32000,262144,0,CPU-only,0
81,openb-node-0081,96000,524288,0,CPU-only,0
82,openb-node-0082,96000,524288,0,CPU-only,0
83,openb-node-0083,96000,524288,0,CPU-only,0
84,openb-node-0084,96000,524288,0,CPU-only,0
85,openb-node-0085,96000,524288,0,CPU-only,0
86,openb-node-0086,96000,524288,0,CPU-only,0
87,openb-node-0087,96000,524288,0,CPU-only,0
88,openb-node-0088,96000,524288,0,CPU-only,0
89,openb-node-0089,96000,524288,0,CPU-only,0
90,openb-node-0090,96000,524288,0,CPU-only,0
91,openb-node-0091,96000,524288,0,CPU-only,0
92,openb-node-0092,96000,524288,0,CPU-only,0
93,openb-node-0093,32000,262144,0,CPU-only,0
94,openb-node-0094,32000,262144,0,CPU-only,0
95,openb-node-0095,32000,262144,0,CPU-only,0
96,openb-node-0096,32000,262144,0,CPU-only,0
97,openb-node-0097,32000,262144,0,CPU-only,0
98,openb-node-0098,32000,262144,0,CPU-only,0
99,openb-node-0099,32000,262144,0,CPU-only,0
100,openb-node-0100,32000,262144,0,CPU-only,0
101,openb-node-0101,32000,262144,0,CPU-only,0
102,openb-node-0102,32000,262144,0,CPU-only,0
103,openb-node-0103,32000,262144,0,CPU-only,0
104,openb-node-0104,32000,262144,0,CPU-only,0
105,openb-node-0105,32000,262144,0,CPU-only,0
106,openb-node-0106,32000,262144,0,CPU-only,0
107,openb-node-0107,32000,262144,0,CPU-only,0
108,openb-node-0108,32000,262144,0,CPU-only,0
109,openb-node-0109,32000,262144,0,CPU-only,0
110,openb-node-0110,32000,262144,0,CPU-only,0
111,openb-node-0111,32000,262144,0,CPU-only,0
112,openb-node-0112,32000,262144,0,CPU-only,0
113,openb-node-0113,96000,524288,0,CPU-only,0
114,openb-node-0114,96000,524288,0,CPU-only,0
115,openb-node-0115,96000,524288,0,CPU-only,0
116,openb-node-0116,96000,524288,0,CPU-only,0
117,openb-node-0117,96000,524288,0,CPU-only,0
118,openb-node-0118,96000,524288,0,CPU-only,0
119,openb-node-0119,96000,524288,0,CPU-only,0
120,openb-node-0120,96000,524288,0,CPU-only,0
121,openb-node-0121,32000,262144,0,CPU-only,0
122,openb-node-0122,32000,262144,0,CPU-only,0
123,openb-node-0123,64000,262144,2,P100,1
124,openb-node-0124,64000,262144,2,P100,1
125,openb-node-0125,64000,262144,2,P100,1
126,openb-node-0126,64000,262144,2,P100,1
127,openb-node-0127,64000,262144,2,P100,1
128,openb-node-0128,64000,262144,2,P100,1
129,openb-node-0129,64000,262144,2,P100,1
130,openb-node-0130,64000,262144,2,P100,1
131,openb-node-0131,64000,262144,2,P100,1
132,openb-node-0132,64000,262144,2,P100,1
133,openb-node-0133,64000,262144,2,P100,1
134,openb-node-0134,64000,262144,2,P100,1
135,openb-node-0135,64000,262144,2,P100,1
136,openb-node-0136,64000,262144,2,P100,1
137,openb-node-0137,64000,262144,2,P100,1
138,openb-node-0138,64000,262144,2,P100,1
139,openb-node-0139,64000,262144,2,P100,1
140,openb-node-0140,64000,262144,2,P100,1
141,openb-node-0141,64000,262144,2,P100,1
142,openb-node-0142,96000,524288,0,CPU-only,0
143,openb-node-0143,96000,524288,0,CPU-only,0
144,openb-node-0144,96000,524288,0,CPU-only,0
145,openb-node-0145,96000,524288,0,CPU-only,0
146,openb-node-0146,96000,524288,0,CPU-only,0
147,openb-node-0147,64000,262144,2,P100,1
148,openb-node-0148,64000,262144,2,P100,1
149,openb-node-0149,64000,262144,2,P100,1
150,openb-node-0150,32000,262144,0,CPU-only,0
151,openb-node-0151,64000,524288,0,CPU-only,0
152,openb-node-0152,64000,524288,0,CPU-only,0
153,openb-node-0153,64000,524288,0,CPU-only,0
154,openb-node-0154,64000,524288,0,CPU-only,0
155,openb-node-0155,64000,524288,0,CPU-only,0
156,openb-node-0156,64000,524288,0,CPU-only,0
157,openb-node-0157,64000,524288,0,CPU-only,0
158,openb-node-0158,64000,524288,0,CPU-only,0
159,openb-node-0159,64000,524288,0,CPU-only,0
160,openb-node-0160,64000,524288,0,CPU-only,0
161,openb-node-0161,64000,524288,0,CPU-only,0
162,openb-node-0162,64000,524288,0,CPU-only,0
163,openb-node-0163,64000,524288,0,CPU-only,0
164,openb-node-0164,64000,524288,0,CPU-only,0
165,openb-node-0165,64000,524288,0,CPU-only,0
166,openb-node-0166,64000,524288,0,CPU-only,0
167,openb-node-0167,64000,524288,0,CPU-only,0
168,openb-node-0168,64000,524288,0,CPU-only,0
169,openb-node-0169,64000,524288,0,CPU-only,0
170,openb-node-0170,64000,524288,0,CPU-only,0
171,openb-node-0171,64000,524288,0,CPU-only,0
172,openb-node-0172,64000,524288,0,CPU-only,0
173,openb-node-0173,96000,393216,0,CPU-only,0
174,openb-node-0174,96000,393216,0,CPU-only,0
175,openb-node-0175,96000,393216,0,CPU-only,0
176,openb-node-0176,96000,393216,0,CPU-only,0
177,openb-node-0177,96000,393216,0,CPU-only,0
178,openb-node-0178,96000,393216,0,CPU-only,0
179,openb-node-0179,96000,393216,0,CPU-only,0
180,openb-node-0180,96000,393216,0,CPU-only,0
181,openb-node-0181,96000,393216,0,CPU-only,0
182,openb-node-0182,96000,393216,0,CPU-only,0
183,openb-node-0183,96000,393216,0,CPU-only,0
184,openb-node-0184,96000,393216,0,CPU-only,0
185,openb-node-0185,96000,393216,0,CPU-only,0
186,openb-node-0186,96000,393216,0,CPU-only,0
187,openb-node-0187,96000,393216,0,CPU-only,0
188,openb-node-0188,96000,393216,0,CPU-only,0
189,openb-node-0189,96000,393216,0,CPU-only,0
190,openb-node-0190,96000,393216,0,CPU-only,0
191,openb-node-0191,96000,393216,0,CPU-only,0
192,openb-node-0192,96000,393216,0,CPU-only,0
193,openb-node-0193,96000,393216,0,CPU-only,0
194,openb-node-0194,96000,393216,0,CPU-only,0
195,openb-node-0195,96000,393216,0,CPU-only,0
196,openb-node-0196,96000,393216,0,CPU-only,0
197,openb-node-0197,96000,393216,0,CPU-only,0
198,openb-node-0198,96000,393216,0,CPU-only,0
199,openb-node-0199,96000,393216,0,CPU-only,0
200,openb-node-0200,96000,393216,0,CPU-only,0
201,openb-node-0201,96000,393216,0,CPU-only,0
202,openb-node-0202,96000,393216,0,CPU-only,0
203,openb-node-0203,32000,262144,0,CPU-only,0
204,openb-node-0204,32000,262144,0,CPU-only,0
205,openb-node-0205,32000,262144,0,CPU-only,0
206,openb-node-0206,32000,262144,0,CPU-only,0
207,openb-node-0207,32000,262144,0,CPU-only,0
208,openb-node-0208,32000,262144,0,CPU-only,0
209,openb-node-0209,32000,262144,0,CPU-only,0
210,openb-node-0210,32000,262144,0,CPU-only,0
211,openb-node-0211,32000,262144,0,CPU-only,0
212,openb-node-0212,32000,262144,0,CPU-only,0
213,openb-node-0213,32000,262144,0,CPU-only,0
214,openb-node-0214,32000,262144,0,CPU-only,0
215,openb-node-0215,32000,262144,0,CPU-only,0
216,openb-node-0216,32000,262144,0,CPU-only,0
217,openb-node-0217,32000,262144,0,CPU-only,0
218,openb-node-0218,32000,262144,0,CPU-only,0
219,openb-node-0219,32000,262144,0,CPU-only,0
220,openb-node-0220,32000,262144,0,CPU-only,0
221,openb-node-0221,32000,262144,0,CPU-only,0
222,openb-node-0222,32000,262144,0,CPU-only,0
223,openb-node-0223,32000,262144,0,CPU-only,0
224,openb-node-0224,32000,262144,0,CPU-only,0
225,openb-node-0225,32000,262144,0,CPU-only,0
226,openb-node-0226,32000,262144,0,CPU-only,0
227,openb-node-0227,32000,262144,0,CPU-only,0
228,openb-node-0228,128000,786432,8,G3,1
229,openb-node-0229,96000,786432,8,V100M32,1
230,openb-node-0230,96000,786432,8,V100M32,1
231,openb-node-0231,104000,524288,0,CPU-only,0
232,openb-node-0232,64000,131072,0,CPU-only,0
233,openb-node-0233,32000,131072,4,V100M16,1
234,openb-node-0234,96000,393216,8,G2,1
235,openb-node-0235,96000,393216,8,G2,1
236,openb-node-0236,96000,393216,8,G2,1
237,openb-node-0237,96000,393216,8,G2,1
238,openb-node-0238,96000,393216,8,G2,1
239,openb-node-0239,96000,393216,8,G2,1
240,openb-node-0240,96000,393216,8,G2,1
241,openb-node-0241,96000,393216,8,G2,1
242,openb-node-0242,96000,393216,8,G2,1
243,openb-node-0243,96000,393216,4,T4,1
244,openb-node-0244,104000,524288,2,T4,1
245,openb-node-0245,128000,786432,8,G3,1
246,openb-node-0246,96000,393216,8,G2,1
247,openb-node-0247,96000,393216,8,G2,1
248,openb-node-0248,96000,393216,8,G2,1
249,openb-node-0249,96000,393216,8,G2,1
250,openb-node-0250,96000,393216,8,G2,1
251,openb-node-0251,104000,524288,2,T4,1
252,openb-node-0252,96000,393216,8,G2,1
253,openb-node-0253,96000,393216,8,G2,1
254,openb-node-0254,96000,393216,8,G2,1
255,openb-node-0255,96000,393216,8,G2,1
256,openb-node-0256,96000,393216,8,G2,1
257,openb-node-0257,128000,786432,8,G3,1
258,openb-node-0258,128000,786432,8,G3,1
259,openb-node-0259,16000,122880,2,P100,1
260,openb-node-0260,96000,393216,8,G2,1
261,openb-node-0261,96000,393216,8,G2,1
262,openb-node-0262,96000,393216,8,G2,1
263,openb-node-0263,96000,393216,8,G2,1
264,openb-node-0264,96000,393216,8,G2,1
265,openb-node-0265,96000,393216,4,T4,1
266,openb-node-0266,96000,393216,8,G2,1
267,openb-node-0267,96000,393216,8,G2,1
268,openb-node-0268,96000,393216,8,G2,1
269,openb-node-0269,96000,393216,8,G2,1
270,openb-node-0270,16000,122880,2,P100,1
271,openb-node-0271,96000,393216,8,G2,1
272,openb-node-0272,96000,393216,8,G2,1
273,openb-node-0273,96000,786432,8,V100M32,1
274,openb-node-0274,96000,393216,8,G2,1
275,openb-node-0275,104000,524288,2,T4,1
276,openb-node-0276,104000,524288,2,T4,1
277,openb-node-0277,104000,524288,2,T4,1
278,openb-node-0278,104000,524288,2,T4,1
279,openb-node-0279,32000,131072,4,V100M16,1
280,openb-node-0280,16000,122880,2,P100,1
281,openb-node-0281,16000,122880,2,P100,1
282,openb-node-0282,32000,131072,0,CPU-only,0
283,openb-node-0283,96000,393216,8,G2,1
284,openb-node-0284,96000,393216,8,G2,1
285,openb-node-0285,96000,393216,8,G2,1
286,openb-node-0286,96000,393216,8,G2,1
287,openb-node-0287,96000,393216,4,T4,1
288,openb-node-0288,96000,393216,4,T4,1
289,openb-node-0289,96000,393216,8,G2,1
290,openb-node-0290,96000,393216,8,G2,1
291,openb-node-0291,96000,393216,8,G2,1
292,openb-node-0292,16000,122880,2,P100,1
293,openb-node-0293,16000,122880,2,P100,1
294,openb-node-0294,16000,122880,2,P100,1
295,openb-node-0295,96000,393216,8,G2,1
296,openb-node-0296,104000,786432,0,CPU-only,0
297,openb-node-0297,96000,393216,8,G2,1
298,openb-node-0298,96000,393216,8,G2,1
299,openb-node-0299,96000,393216,8,G2,1
300,openb-node-0300,16000,122880,2,P100,1
301,openb-node-0301,96000,393216,8,G2,1
302,openb-node-0302,96000,393216,8,G2,1
303,openb-node-0303,96000,393216,8,G2,1
304,openb-node-0304,96000,393216,8,G2,1
305,openb-node-0305,96000,393216,8,G2,1
306,openb-node-0306,96000,393216,4,T4,1
307,openb-node-0307,32000,131072,4,V100M16,1
308,openb-node-0308,32000,131072,4,V100M16,1
309,openb-node-0309,32000,131072,4,V100M16,1
310,openb-node-0310,96000,393216,8,G2,1
311,openb-node-0311,96000,393216,8,G2,1
312,openb-node-0312,96000,393216,8,G2,1
313,openb-node-0313,96000,393216,4,T4,1
314,openb-node-0314,96000,393216,8,G2,1
315,openb-node-0315,96000,393216,8,G2,1
316,openb-node-0316,96000,393216,8,G2,1
317,openb-node-0317,104000,524288,0,CPU-only,0
318,openb-node-0318,96000,393216,8,G2,1
319,openb-node-0319,96000,393216,8,G2,1
320,openb-node-0320,96000,393216,8,G2,1
321,openb-node-0321,96000,393216,8,G2,1
322,openb-node-0322,96000,393216,8,G2,1
323,openb-node-0323,96000,393216,8,G2,1
324,openb-node-0324,32000,131072,0,CPU-only,0
325,openb-node-0325,104000,524288,2,T4,1
326,openb-node-0326,96000,393216,8,G2,1
327,openb-node-0327,96000,393216,8,G2,1
328,openb-node-0328,96000,393216,8,G2,1
329,openb-node-0329,96000,393216,8,G2,1
330,openb-node-0330,16000,122880,2,P100,1
331,openb-node-0331,16000,122880,2,P100,1
332,openb-node-0332,96000,393216,8,G2,1
333,openb-node-0333,104000,524288,2,T4,1
334,openb-node-0334,104000,524288,2,T4,1
335,openb-node-0335,104000,524288,2,T4,1
336,openb-node-0336,104000,524288,2,T4,1
337,openb-node-0337,104000,524288,2,T4,1
338,openb-node-0338,104000,524288,2,T4,1
339,openb-node-0339,96000,524288,0,CPU-only,0
340,openb-node-0340,104000,524288,2,T4,1
341,openb-node-0341,104000,524288,2,T4,1
342,openb-node-0342,104000,524288,2,T4,1
343,openb-node-0343,104000,524288,2,T4,1
344,openb-node-0344,104000,524288,2,T4,1
345,openb-node-0345,104000,524288,2,T4,1
346,openb-node-0346,104000,524288,2,T4,1
347,openb-node-0347,104000,524288,2,T4,1
348,openb-node-0348,104000,524288,2,T4,1
349,openb-node-0349,104000,524288,2,T4,1
350,openb-node-0350,104000,524288,2,T4,1
351,openb-node-0351,96000,393216,8,G2,1
352,openb-node-0352,104000,524288,2,T4,1
353,openb-node-0353,96000,393216,8,G2,1
354,openb-node-0354,96000,393216,8,G2,1
355,openb-node-0355,96000,393216,8,G2,1
356,openb-node-0356,8000,32768,1,V100M16,1
357,openb-node-0357,16000,122880,2,P100,1
358,openb-node-0358,16000,122880,2,P100,1
359,openb-node-0359,16000,122880,2,P100,1
360,openb-node-0360,104000,524288,2,T4,1
361,openb-node-0361,96000,393216,8,G2,1
362,openb-node-0362,96000,393216,8,G2,1
363,openb-node-0363,96000,393216,8,G2,1
364,openb-node-0364,96000,393216,8,G2,1
365,openb-node-0365,96000,393216,8,G2,1
366,openb-node-0366,96000,393216,8,G2,1
367,openb-node-0367,96000,393216,8,G2,1
368,openb-node-0368,8000,32768,1,V100M16,1
369,openb-node-0369,96000,393216,8,G2,1
370,openb-node-0370,96000,393216,8,G2,1
371,openb-node-0371,96000,393216,8,G2,1
372,openb-node-0372,96000,393216,8,G2,1
373,openb-node-0373,96000,393216,8,G2,1
374,openb-node-0374,16000,122880,2,P100,1
375,openb-node-0375,16000,122880,2,P100,1
376,openb-node-0376,16000,122880,2,P100,1
377,openb-node-0377,104000,524288,0,CPU-only,0
378,openb-node-0378,104000,524288,2,T4,1
379,openb-node-0379,32000,131072,0,CPU-only,0
380,openb-node-0380,32000,131072,0,CPU-only,0
381,openb-node-0381,104000,524288,2,T4,1
382,openb-node-0382,96000,786432,8,V100M32,1
383,openb-node-0383,128000,786432,8,G3,1
384,openb-node-0384,128000,786432,8,G3,1
385,openb-node-0385,128000,786432,8,G3,1
386,openb-node-0386,128000,786432,8,G3,1
387,openb-node-0387,64000,262144,0,CPU-only,0
388,openb-node-0388,96000,393216,8,G2,1
389,openb-node-0389,96000,393216,8,G2,1
390,openb-node-0390,96000,393216,8,G2,1
391,openb-node-0391,96000,393216,8,G2,1
392,openb-node-0392,32000,131072,0,CPU-only,0
393,openb-node-0393,96000,393216,8,G2,1
394,openb-node-0394,96000,393216,8,G2,1
395,openb-node-0395,96000,393216,8,G2,1
396,openb-node-0396,96000,393216,8,G2,1
397,openb-node-0397,96000,393216,8,G2,1
398,openb-node-0398,128000,786432,8,G3,1
399,openb-node-0399,128000,786432,8,G3,1
400,openb-node-0400,32000,131072,4,V100M16,1
401,openb-node-0401,104000,524288,2,T4,1
402,openb-node-0402,104000,524288,2,T4,1
403,openb-node-0403,96000,393216,8,G2,1
404,openb-node-0404,96000,393216,8,G2,1
405,openb-node-0405,96000,524288,0,CPU-only,0
406,openb-node-0406,96000,524288,0,CPU-only,0
407,openb-node-0407,104000,524288,2,T4,1
408,openb-node-0408,96000,393216,8,G2,1
409,openb-node-0409,96000,393216,8,G2,1
410,openb-node-0410,96000,393216,8,G2,1
411,openb-node-0411,96000,393216,8,G2,1
412,openb-node-0412,16000,122880,2,P100,1
413,openb-node-0413,16000,122880,2,P100,1
414,openb-node-0414,8000,32768,1,V100M16,1
415,openb-node-0415,96000,393216,8,G2,1
416,openb-node-0416,96000,393216,8,G2,1
417,openb-node-0417,96000,393216,8,G2,1
418,openb-node-0418,96000,393216,8,G2,1
419,openb-node-0419,104000,524288,2,T4,1
420,openb-node-0420,104000,524288,2,T4,1
421,openb-node-0421,104000,524288,2,T4,1
422,openb-node-0422,104000,524288,2,T4,1
423,openb-node-0423,104000,524288,2,T4,1
424,openb-node-0424,104000,524288,2,T4,1
425,openb-node-0425,104000,524288,2,T4,1
426,openb-node-0426,104000,524288,2,T4,1
427,openb-node-0427,104000,524288,2,T4,1
428,openb-node-0428,104000,524288,2,T4,1
429,openb-node-0429,104000,524288,0,CPU-only,0
430,openb-node-0430,104000,524288,0,CPU-only,0
431,openb-node-0431,104000,524288,2,T4,1
432,openb-node-0432,104000,524288,2,T4,1
433,openb-node-0433,104000,524288,2,T4,1
434,openb-node-0434,104000,524288,2,T4,1
435,openb-node-0435,104000,524288,2,T4,1
436,openb-node-0436,96000,786432,8,V100M32,1
437,openb-node-0437,96000,393216,8,G2,1
438,openb-node-0438,96000,393216,8,G2,1
439,openb-node-0439,96000,393216,8,G2,1
440,openb-node-0440,16000,122880,2,P100,1
441,openb-node-0441,16000,122880,2,P100,1
442,openb-node-0442,96000,393216,8,G2,1
443,openb-node-0443,96000,393216,8,G2,1
444,openb-node-0444,96000,393216,8,G2,1
445,openb-node-0445,96000,393216,8,G2,1
446,openb-node-0446,32000,131072,4,V100M16,1
447,openb-node-0447,96000,393216,8,G2,1
448,openb-node-0448,32000,131072,4,V100M16,1
449,openb-node-0449,96000,393216,8,G2,1
450,openb-node-0450,96000,393216,8,G2,1
451,openb-node-0451,104000,524288,2,T4,1
452,openb-node-0452,32000,131072,4,V100M16,1
453,openb-node-0453,32000,65536,0,CPU-only,0
454,openb-node-0454,32000,65536,0,CPU-only,0
455,openb-node-0455,32000,65536,0,CPU-only,0
456,openb-node-0456,64000,262144,8,V100M16,1
457,openb-node-0457,96000,393216,8,G2,1
458,openb-node-0458,104000,524288,2,T4,1
459,openb-node-0459,104000,524288,2,T4,1
460,openb-node-0460,104000,524288,2,T4,1
461,openb-node-0461,104000,524288,2,T4,1
462,openb-node-0462,104000,524288,2,T4,1
463,openb-node-0463,104000,524288,2,T4,1
464,openb-node-0464,104000,524288,2,T4,1
465,openb-node-0465,104000,524288,2,T4,1
466,openb-node-0466,104000,524288,2,T4,1
467,openb-node-0467,96000,393216,8,G2,1
468,openb-node-0468,96000,393216,8,G2,1
469,openb-node-0469,96000,393216,8,G2,1
470,openb-node-0470,96000,393216,8,G2,1
471,openb-node-0471,96000,393216,8,G2,1
472,openb-node-0472,48000,376832,4,V100M32,1
473,openb-node-0473,64000,262144,8,V100M16,1
474,openb-node-0474,96000,393216,8,G2,1
475,openb-node-0475,96000,393216,8,G2,1
476,openb-node-0476,104000,524288,2,T4,1
477,openb-node-0477,104000,524288,2,T4,1
478,openb-node-0478,104000,524288,2,T4,1
479,openb-node-0479,104000,524288,2,T4,1
480,openb-node-0480,104000,524288,2,T4,1
481,openb-node-0481,96000,786432,8,V100M32,1
482,openb-node-0482,96000,393216,8,G2,1
483,openb-node-0483,32000,131072,4,V100M16,1
484,openb-node-0484,96000,393216,8,G2,1
485,openb-node-0485,96000,393216,8,G2,1
486,openb-node-0486,96000,393216,8,G2,1
487,openb-node-0487,96000,393216,8,G2,1
488,openb-node-0488,16000,122880,2,P100,1
489,openb-node-0489,64000,262144,8,V100M16,1
490,openb-node-0490,104000,786432,0,CPU-only,0
491,openb-node-0491,16000,122880,2,P100,1
492,openb-node-0492,96000,393216,8,G2,1
493,openb-node-0493,96000,393216,8,G2,1
494,openb-node-0494,96000,393216,8,G2,1
495,openb-node-0495,96000,393216,8,G2,1
496,openb-node-0496,16000,122880,2,P100,1
497,openb-node-0497,8000,32768,1,V100M16,1
498,openb-node-0498,96000,393216,8,G2,1
499,openb-node-0499,96000,393216,8,G2,1
500,openb-node-0500,96000,393216,8,G2,1
501,openb-node-0501,96000,393216,8,G2,1
502,openb-node-0502,32000,131072,0,CPU-only,0
503,openb-node-0503,96000,393216,8,G2,1
504,openb-node-0504,96000,393216,8,G2,1
505,openb-node-0505,96000,393216,8,G2,1
506,openb-node-0506,96000,393216,8,G2,1
507,openb-node-0507,96000,393216,8,G2,1
508,openb-node-0508,16000,122880,2,P100,1
509,openb-node-0509,96000,393216,8,G2,1
510,openb-node-0510,16000,122880,2,P100,1
511,openb-node-0511,16000,122880,2,P100,1
512,openb-node-0512,96000,393216,8,G2,1
513,openb-node-0513,96000,393216,8,G2,1
514,openb-node-0514,96000,393216,8,G2,1
515,openb-node-0515,64000,262144,8,V100M16,1
516,openb-node-0516,16000,122880,2,P100,1
517,openb-node-0517,96000,393216,8,G2,1
518,openb-node-0518,96000,393216,8,G2,1
519,openb-node-0519,8000,61440,1,P100,1
520,openb-node-0520,96000,393216,8,G2,1
521,openb-node-0521,128000,786432,8,G3,1
522,openb-node-0522,104000,524288,2,T4,1
523,openb-node-0523,104000,524288,2,T4,1
524,openb-node-0524,104000,524288,2,T4,1
525,openb-node-0525,104000,524288,2,T4,1
526,openb-node-0526,104000,524288,2,T4,1
527,openb-node-0527,104000,524288,2,T4,1
528,openb-node-0528,96000,393216,8,G2,1
529,openb-node-0529,104000,524288,2,T4,1
530,openb-node-0530,96000,393216,8,G2,1
531,openb-node-0531,96000,393216,8,G2,1
532,openb-node-0532,128000,786432,8,G3,1
533,openb-node-0533,128000,786432,8,G3,1
534,openb-node-0534,128000,786432,8,G3,1
535,openb-node-0535,104000,524288,2,T4,1
536,openb-node-0536,104000,524288,0,CPU-only,0
537,openb-node-0537,128000,786432,8,G3,1
538,openb-node-0538,96000,393216,8,G2,1
539,openb-node-0539,96000,393216,8,G2,1
540,openb-node-0540,96000,524288,0,CPU-only,0
541,openb-node-0541,96000,524288,0,CPU-only,0
542,openb-node-0542,32000,131072,4,V100M16,1
543,openb-node-0543,128000,786432,8,G3,1
544,openb-node-0544,104000,524288,2,T4,1
545,openb-node-0545,104000,524288,2,T4,1
546,openb-node-0546,104000,524288,2,T4,1
547,openb-node-0547,104000,524288,2,T4,1
548,openb-node-0548,96000,393216,8,G2,1
549,openb-node-0549,104000,524288,2,T4,1
550,openb-node-0550,128000,786432,8,G3,1
551,openb-node-0551,96000,393216,8,G2,1
552,openb-node-0552,96000,393216,8,G2,1
553,openb-node-0553,96000,393216,8,G2,1
554,openb-node-0554,96000,393216,8,G2,1
555,openb-node-0555,96000,393216,8,G2,1
556,openb-node-0556,96000,393216,8,G2,1
557,openb-node-0557,96000,393216,8,G2,1
558,openb-node-0558,96000,393216,8,G2,1
559,openb-node-0559,96000,393216,8,G2,1
560,openb-node-0560,96000,393216,8,G2,1
561,openb-node-0561,96000,393216,8,G2,1
562,openb-node-0562,128000,786432,8,G3,1
563,openb-node-0563,128000,786432,8,G3,1
564,openb-node-0564,104000,524288,2,T4,1
565,openb-node-0565,8000,61440,1,P100,1
566,openb-node-0566,128000,786432,8,G3,1
567,openb-node-0567,96000,393216,8,G2,1
568,openb-node-0568,96000,393216,8,G2,1
569,openb-node-0569,96000,786432,8,V100M32,1
570,openb-node-0570,96000,393216,8,G2,1
571,openb-node-0571,96000,393216,8,G2,1
572,openb-node-0572,48000,376832,4,V100M32,1
573,openb-node-0573,96000,393216,8,G2,1
574,openb-node-0574,96000,393216,8,G2,1
575,openb-node-0575,96000,393216,8,G2,1
576,openb-node-0576,96000,393216,8,G2,1
577,openb-node-0577,96000,524288,0,CPU-only,0
578,openb-node-0578,96000,524288,0,CPU-only,0
579,openb-node-0579,96000,786432,8,V100M32,1
580,openb-node-0580,104000,524288,2,T4,1
581,openb-node-0581,96000,524288,0,CPU-only,0
582,openb-node-0582,96000,393216,8,G2,1
583,openb-node-0583,16000,122880,2,P100,1
584,openb-node-0584,96000,393216,8,G2,1
585,openb-node-0585,64000,131072,0,CPU-only,0
586,openb-node-0586,96000,393216,8,G2,1
587,openb-node-0587,96000,393216,8,G2,1
588,openb-node-0588,96000,393216,8,G2,1
589,openb-node-0589,96000,393216,8,G2,1
590,openb-node-0590,96000,393216,8,G2,1
591,openb-node-0591,16000,122880,2,P100,1
592,openb-node-0592,96000,393216,8,G2,1
593,openb-node-0593,96000,393216,8,G2,1
594,openb-node-0594,96000,393216,8,G2,1
595,openb-node-0595,96000,393216,8,G2,1
596,openb-node-0596,96000,524288,0,CPU-only,0
597,openb-node-0597,48000,376832,4,V100M32,1
598,openb-node-0598,96000,393216,8,G2,1
599,openb-node-0599,96000,393216,8,G2,1
600,openb-node-0600,96000,393216,8,G2,1
601,openb-node-0601,96000,393216,8,G2,1
602,openb-node-0602,96000,393216,8,G2,1
603,openb-node-0603,96000,393216,8,G2,1
604,openb-node-0604,16000,122880,2,P100,1
605,openb-node-0605,128000,786432,8,G3,1
606,openb-node-0606,16000,122880,2,P100,1
607,openb-node-0607,96000,393216,8,G2,1
608,openb-node-0608,96000,393216,8,G2,1
609,openb-node-0609,104000,524288,2,T4,1
610,openb-node-0610,104000,524288,2,T4,1
611,openb-node-0611,104000,524288,2,T4,1
612,openb-node-0612,104000,524288,2,T4,1
613,openb-node-0613,104000,524288,2,T4,1
614,openb-node-0614,16000,122880,2,P100,1
615,openb-node-0615,16000,122880,2,P100,1
616,openb-node-0616,16000,122880,2,P100,1
617,openb-node-0617,96000,393216,8,G2,1
618,openb-node-0618,96000,393216,8,G2,1
619,openb-node-0619,96000,393216,8,G2,1
620,openb-node-0620,96000,524288,0,CPU-only,0
621,openb-node-0621,96000,393216,8,G2,1
622,openb-node-0622,96000,393216,8,G2,1
623,openb-node-0623,104000,524288,2,T4,1
624,openb-node-0624,104000,524288,2,T4,1
625,openb-node-0625,104000,524288,2,T4,1
626,openb-node-0626,104000,524288,2,T4,1
627,openb-node-0627,104000,524288,2,T4,1
628,openb-node-0628,104000,524288,2,T4,1
629,openb-node-0629,104000,524288,2,T4,1
630,openb-node-0630,104000,524288,2,T4,1
631,openb-node-0631,104000,524288,2,T4,1
632,openb-node-0632,104000,524288,2,T4,1
633,openb-node-0633,96000,393216,8,G2,1
634,openb-node-0634,96000,393216,8,G2,1
635,openb-node-0635,96000,393216,8,G2,1
636,openb-node-0636,96000,393216,8,G2,1
637,openb-node-0637,96000,393216,8,G2,1
638,openb-node-0638,96000,393216,8,G2,1
639,openb-node-0639,104000,524288,2,T4,1
640,openb-node-0640,104000,524288,2,T4,1
641,openb-node-0641,96000,393216,8,G2,1
642,openb-node-0642,96000,393216,8,G2,1
643,openb-node-0643,96000,393216,8,G2,1
644,openb-node-0644,104000,786432,0,CPU-only,0
645,openb-node-0645,16000,122880,2,P100,1
646,openb-node-0646,16000,122880,2,P100,1
647,openb-node-0647,16000,122880,2,P100,1
648,openb-node-0648,32000,131072,0,CPU-only,0
649,openb-node-0649,104000,524288,2,T4,1
650,openb-node-0650,104000,524288,2,T4,1
651,openb-node-0651,104000,524288,2,T4,1
652,openb-node-0652,104000,524288,2,T4,1
653,openb-node-0653,104000,524288,2,T4,1
654,openb-node-0654,104000,524288,2,T4,1
655,openb-node-0655,104000,524288,2,T4,1
656,openb-node-0656,104000,524288,2,T4,1
657,openb-node-0657,104000,524288,2,T4,1
658,openb-node-0658,104000,524288,2,T4,1
659,openb-node-0659,104000,524288,2,T4,1
660,openb-node-0660,104000,524288,2,T4,1
661,openb-node-0661,104000,524288,2,T4,1
662,openb-node-0662,96000,393216,8,G2,1
663,openb-node-0663,96000,786432,8,V100M32,1
664,openb-node-0664,96000,393216,8,G2,1
665,openb-node-0665,96000,393216,8,G2,1
666,openb-node-0666,32000,131072,0,CPU-only,0
667,openb-node-0667,32000,131072,0,CPU-only,0
668,openb-node-0668,96000,393216,8,G2,1
669,openb-node-0669,96000,393216,8,G2,1
670,openb-node-0670,16000,122880,2,P100,1
671,openb-node-0671,16000,122880,2,P100,1
672,openb-node-0672,96000,393216,8,G2,1
673,openb-node-0673,96000,393216,8,G2,1
674,openb-node-0674,96000,393216,8,G2,1
675,openb-node-0675,104000,524288,2,T4,1
676,openb-node-0676,16000,122880,2,P100,1
677,openb-node-0677,96000,393216,8,G2,1
678,openb-node-0678,32000,131072,0,CPU-only,0
679,openb-node-0679,32000,131072,0,CPU-only,0
680,openb-node-0680,96000,393216,8,G2,1
681,openb-node-0681,16000,122880,2,P100,1
682,openb-node-0682,32000,131072,4,V100M16,1
683,openb-node-0683,32000,131072,4,V100M16,1
684,openb-node-0684,96000,393216,4,T4,1
685,openb-node-0685,96000,393216,8,G2,1
686,openb-node-0686,96000,786432,8,V100M32,1
687,openb-node-0687,96000,393216,8,G2,1
688,openb-node-0688,96000,393216,8,G2,1
689,openb-node-0689,96000,393216,8,G2,1
690,openb-node-0690,96000,393216,8,G2,1
691,openb-node-0691,104000,524288,2,T4,1
692,openb-node-0692,104000,524288,2,T4,1
693,openb-node-0693,104000,524288,2,T4,1
694,openb-node-0694,104000,524288,2,T4,1
695,openb-node-0695,104000,524288,2,T4,1
696,openb-node-0696,104000,524288,2,T4,1
697,openb-node-0697,104000,524288,2,T4,1
698,openb-node-0698,104000,524288,2,T4,1
699,openb-node-0699,104000,524288,2,T4,1
700,openb-node-0700,104000,524288,2,T4,1
701,openb-node-0701,104000,524288,0,CPU-only,0
702,openb-node-0702,96000,393216,8,G2,1
703,openb-node-0703,96000,393216,8,G2,1
704,openb-node-0704,96000,393216,8,G2,1
705,openb-node-0705,96000,393216,8,G2,1
706,openb-node-0706,96000,393216,8,G2,1
707,openb-node-0707,96000,393216,8,G2,1
708,openb-node-0708,96000,393216,8,G2,1
709,openb-node-0709,96000,393216,8,G2,1
710,openb-node-0710,96000,393216,8,G2,1
711,openb-node-0711,96000,393216,8,G2,1
712,openb-node-0712,96000,393216,8,G2,1
713,openb-node-0713,96000,393216,8,G2,1
714,openb-node-0714,96000,393216,8,G2,1
715,openb-node-0715,96000,393216,8,G2,1
716,openb-node-0716,96000,393216,8,G2,1
717,openb-node-0717,96000,393216,8,G2,1
718,openb-node-0718,8000,32768,1,V100M16,1
719,openb-node-0719,64000,262144,0,CPU-only,0
720,openb-node-0720,64000,262144,0,CPU-only,0
721,openb-node-0721,96000,393216,8,G2,1
722,openb-node-0722,96000,393216,8,G2,1
723,openb-node-0723,16000,122880,2,P100,1
724,openb-node-0724,8000,61440,1,P100,1
725,openb-node-0725,104000,524288,2,T4,1
726,openb-node-0726,104000,524288,2,T4,1
727,openb-node-0727,104000,524288,2,T4,1
728,openb-node-0728,96000,393216,8,G2,1
729,openb-node-0729,96000,393216,8,G2,1
730,openb-node-0730,96000,393216,8,G2,1
731,openb-node-0731,64000,262144,0,CPU-only,0
732,openb-node-0732,104000,524288,2,T4,1
733,openb-node-0733,104000,524288,2,T4,1
734,openb-node-0734,104000,524288,2,T4,1
735,openb-node-0735,104000,524288,2,T4,1
736,openb-node-0736,16000,122880,2,P100,1
737,openb-node-0737,16000,122880,2,P100,1
738,openb-node-0738,32000,131072,0,CPU-only,0
739,openb-node-0739,8000,32768,1,V100M16,1
740,openb-node-0740,96000,393216,8,G2,1
741,openb-node-0741,96000,393216,8,G2,1
742,openb-node-0742,128000,786432,8,G3,1
743,openb-node-0743,96000,393216,8,G2,1
744,openb-node-0744,96000,393216,8,G2,1
745,openb-node-0745,96000,393216,8,G2,1
746,openb-node-0746,96000,393216,8,G2,1
747,openb-node-0747,96000,393216,8,G2,1
748,openb-node-0748,96000,393216,8,G2,1
749,openb-node-0749,96000,393216,8,G2,1
750,openb-node-0750,16000,122880,2,P100,1
751,openb-node-0751,32000,65536,0,CPU-only,0
752,openb-node-0752,32000,131072,4,V100M16,1
753,openb-node-0753,96000,393216,8,G2,1
754,openb-node-0754,96000,393216,8,G2,1
755,openb-node-0755,96000,393216,8,G2,1
756,openb-node-0756,8000,32768,1,V100M16,1
757,openb-node-0757,96000,786432,8,V100M32,1
758,openb-node-0758,96000,524288,0,CPU-only,0
759,openb-node-0759,96000,524288,0,CPU-only,0
760,openb-node-0760,96000,393216,8,G2,1
761,openb-node-0761,96000,393216,8,G2,1
762,openb-node-0762,96000,393216,8,G2,1
763,openb-node-0763,96000,393216,8,G2,1
764,openb-node-0764,96000,393216,8,G2,1
765,openb-node-0765,96000,393216,8,G2,1
766,openb-node-0766,96000,393216,8,G2,1
767,openb-node-0767,96000,393216,8,G2,1
768,openb-node-0768,96000,393216,8,G2,1
769,openb-node-0769,96000,393216,8,G2,1
770,openb-node-0770,32000,131072,0,CPU-only,0
771,openb-node-0771,104000,524288,0,CPU-only,0
772,openb-node-0772,96000,393216,8,G2,1
773,openb-node-0773,32000,131072,0,CPU-only,0
774,openb-node-0774,96000,393216,8,G2,1
775,openb-node-0775,96000,393216,8,G2,1
776,openb-node-0776,104000,524288,2,T4,1
777,openb-node-0777,96000,786432,8,V100M32,1
778,openb-node-0778,96000,393216,8,G2,1
779,openb-node-0779,96000,393216,8,G2,1
780,openb-node-0780,32000,131072,0,CPU-only,0
781,openb-node-0781,104000,524288,2,T4,1
782,openb-node-0782,104000,524288,2,T4,1
783,openb-node-0783,104000,524288,2,T4,1
784,openb-node-0784,96000,393216,8,G2,1
785,openb-node-0785,96000,393216,8,G2,1
786,openb-node-0786,104000,524288,0,CPU-only,0
787,openb-node-0787,96000,393216,4,T4,1
788,openb-node-0788,104000,524288,2,T4,1
789,openb-node-0789,104000,524288,2,T4,1
790,openb-node-0790,104000,524288,2,T4,1
791,openb-node-0791,104000,524288,2,T4,1
792,openb-node-0792,104000,524288,2,T4,1
793,openb-node-0793,104000,524288,2,T4,1
794,openb-node-0794,104000,524288,2,T4,1
795,openb-node-0795,16000,122880,2,P100,1
796,openb-node-0796,96000,393216,8,G2,1
797,openb-node-0797,16000,122880,2,P100,1
798,openb-node-0798,16000,122880,2,P100,1
799,openb-node-0799,96000,393216,8,G2,1
800,openb-node-0800,96000,393216,8,G2,1
801,openb-node-0801,96000,393216,8,G2,1
802,openb-node-0802,96000,393216,8,G2,1
803,openb-node-0803,96000,393216,8,G2,1
804,openb-node-0804,96000,393216,8,G2,1
805,openb-node-0805,96000,393216,8,G2,1
806,openb-node-0806,96000,393216,8,G2,1
807,openb-node-0807,104000,524288,2,T4,1
808,openb-node-0808,16000,122880,2,P100,1
809,openb-node-0809,16000,122880,2,P100,1
810,openb-node-0810,96000,393216,8,G2,1
811,openb-node-0811,96000,393216,8,G2,1
812,openb-node-0812,32000,131072,4,V100M16,1
813,openb-node-0813,96000,393216,4,T4,1
814,openb-node-0814,96000,393216,8,G2,1
815,openb-node-0815,96000,393216,8,G2,1
816,openb-node-0816,96000,393216,8,G2,1
817,openb-node-0817,16000,122880,2,P100,1
818,openb-node-0818,8000,32768,1,V100M16,1
819,openb-node-0819,16000,122880,2,P100,1
820,openb-node-0820,96000,524288,0,CPU-only,0
821,openb-node-0821,96000,524288,0,CPU-only,0
822,openb-node-0822,96000,524288,0,CPU-only,0
823,openb-node-0823,96000,393216,8,G2,1
824,openb-node-0824,64000,262144,0,CPU-only,0
825,openb-node-0825,104000,524288,2,T4,1
826,openb-node-0826,104000,524288,2,T4,1
827,openb-node-0827,32000,131072,0,CPU-only,0
828,openb-node-0828,96000,393216,8,G2,1
829,openb-node-0829,96000,393216,8,G2,1
830,openb-node-0830,96000,393216,8,G2,1
831,openb-node-0831,128000,786432,8,G3,1
832,openb-node-0832,8000,32768,1,V100M16,1
833,openb-node-0833,104000,524288,2,T4,1
834,openb-node-0834,104000,524288,2,T4,1
835,openb-node-0835,104000,524288,2,T4,1
836,openb-node-0836,96000,393216,8,G2,1
837,openb-node-0837,96000,393216,8,G2,1
838,openb-node-0838,16000,122880,2,P100,1
839,openb-node-0839,64000,262144,8,V100M16,1
840,openb-node-0840,128000,786432,8,G3,1
841,openb-node-0841,128000,786432,8,G3,1
842,openb-node-0842,96000,393216,8,G2,1
843,openb-node-0843,96000,393216,8,G2,1
844,openb-node-0844,104000,524288,2,T4,1
845,openb-node-0845,96000,393216,8,G2,1
846,openb-node-0846,96000,393216,8,G2,1
847,openb-node-0847,96000,393216,8,G2,1
848,openb-node-0848,104000,524288,2,T4,1
849,openb-node-0849,104000,524288,2,T4,1
850,openb-node-0850,104000,524288,2,T4,1
851,openb-node-0851,104000,524288,2,T4,1
852,openb-node-0852,104000,524288,2,T4,1
853,openb-node-0853,104000,524288,2,T4,1
854,openb-node-0854,104000,524288,2,T4,1
855,openb-node-0855,104000,524288,2,T4,1
856,openb-node-0856,104000,524288,2,T4,1
857,openb-node-0857,104000,524288,2,T4,1
858,openb-node-0858,104000,524288,2,T4,1
859,openb-node-0859,104000,524288,2,T4,1
860,openb-node-0860,104000,524288,2,T4,1
861,openb-node-0861,104000,524288,2,T4,1
862,openb-node-0862,104000,524288,2,T4,1
863,openb-node-0863,104000,524288,2,T4,1
864,openb-node-0864,104000,524288,0,CPU-only,0
865,openb-node-0865,64000,131072,0,CPU-only,0
866,openb-node-0866,64000,131072,0,CPU-only,0
867,openb-node-0867,8000,32768,1,V100M16,1
868,openb-node-0868,96000,393216,8,G2,1
869,openb-node-0869,104000,524288,2,T4,1
870,openb-node-0870,104000,524288,2,T4,1
871,openb-node-0871,104000,524288,2,T4,1
872,openb-node-0872,104000,524288,2,T4,1
873,openb-node-0873,96000,393216,4,T4,1
874,openb-node-0874,104000,524288,2,T4,1
875,openb-node-0875,104000,524288,2,T4,1
876,openb-node-0876,104000,524288,2,T4,1
877,openb-node-0877,104000,524288,2,T4,1
878,openb-node-0878,104000,524288,2,T4,1
879,openb-node-0879,104000,524288,2,T4,1
880,openb-node-0880,104000,524288,2,T4,1
881,openb-node-0881,96000,393216,8,G2,1
882,openb-node-0882,96000,393216,8,G2,1
883,openb-node-0883,96000,393216,8,G2,1
884,openb-node-0884,96000,393216,8,G2,1
885,openb-node-0885,96000,393216,8,G2,1
886,openb-node-0886,96000,393216,8,G2,1
887,openb-node-0887,96000,393216,8,G2,1
888,openb-node-0888,32000,131072,4,V100M16,1
889,openb-node-0889,32000,131072,4,V100M16,1
890,openb-node-0890,16000,122880,2,P100,1
891,openb-node-0891,16000,122880,2,P100,1
892,openb-node-0892,16000,122880,2,P100,1
893,openb-node-0893,16000,122880,2,P100,1
894,openb-node-0894,16000,122880,2,P100,1
895,openb-node-0895,96000,393216,8,G2,1
896,openb-node-0896,104000,524288,2,T4,1
897,openb-node-0897,104000,524288,2,T4,1
898,openb-node-0898,104000,524288,2,T4,1
899,openb-node-0899,104000,524288,2,T4,1
900,openb-node-0900,104000,524288,2,T4,1
901,openb-node-0901,104000,524288,2,T4,1
902,openb-node-0902,104000,524288,2,T4,1
903,openb-node-0903,104000,524288,2,T4,1
904,openb-node-0904,104000,524288,2,T4,1
905,openb-node-0905,104000,524288,2,T4,1
906,openb-node-0906,104000,524288,2,T4,1
907,openb-node-0907,104000,524288,2,T4,1
908,openb-node-0908,104000,524288,2,T4,1
909,openb-node-0909,104000,524288,2,T4,1
910,openb-node-0910,104000,524288,2,T4,1
911,openb-node-0911,104000,524288,2,T4,1
912,openb-node-0912,104000,524288,2,T4,1
913,openb-node-0913,104000,524288,2,T4,1
914,openb-node-0914,104000,524288,2,T4,1
915,openb-node-0915,104000,524288,2,T4,1
916,openb-node-0916,128000,786432,8,G3,1
917,openb-node-0917,96000,393216,8,G2,1
918,openb-node-0918,32000,131072,4,V100M16,1
919,openb-node-0919,96000,393216,8,G2,1
920,openb-node-0920,96000,393216,8,G2,1
921,openb-node-0921,96000,393216,8,G2,1
922,openb-node-0922,96000,393216,8,G2,1
923,openb-node-0923,96000,393216,8,G2,1
924,openb-node-0924,96000,393216,8,G2,1
925,openb-node-0925,96000,393216,8,G2,1
926,openb-node-0926,96000,393216,8,G2,1
927,openb-node-0927,96000,393216,8,G2,1
928,openb-node-0928,96000,393216,8,G2,1
929,openb-node-0929,96000,393216,8,G2,1
930,openb-node-0930,96000,393216,8,G2,1
931,openb-node-0931,96000,393216,8,G2,1
932,openb-node-0932,96000,393216,8,G2,1
933,openb-node-0933,96000,524288,0,CPU-only,0
934,openb-node-0934,104000,524288,2,T4,1
935,openb-node-0935,104000,524288,2,T4,1
936,openb-node-0936,104000,524288,2,T4,1
937,openb-node-0937,82000,344064,8,V100M16,1
938,openb-node-0938,96000,393216,8,G2,1
939,openb-node-0939,96000,393216,8,G2,1
940,openb-node-0940,96000,393216,8,G2,1
941,openb-node-0941,96000,393216,8,G2,1
942,openb-node-0942,16000,122880,2,P100,1
943,openb-node-0943,128000,786432,8,G3,1
944,openb-node-0944,104000,524288,0,CPU-only,0
945,openb-node-0945,104000,524288,2,T4,1
946,openb-node-0946,96000,393216,8,G2,1
947,openb-node-0947,96000,393216,8,G2,1
948,openb-node-0948,104000,524288,0,CPU-only,0
949,openb-node-0949,104000,524288,0,CPU-only,0
950,openb-node-0950,128000,786432,8,G3,1
951,openb-node-0951,96000,393216,8,G2,1
952,openb-node-0952,96000,393216,8,G2,1
953,openb-node-0953,96000,393216,8,G2,1
954,openb-node-0954,96000,393216,8,G2,1
955,openb-node-0955,32000,131072,4,V100M16,1
956,openb-node-0956,104000,524288,2,T4,1
957,openb-node-0957,104000,524288,2,T4,1
958,openb-node-0958,104000,524288,2,T4,1
959,openb-node-0959,104000,524288,2,T4,1
960,openb-node-0960,104000,524288,2,T4,1
961,openb-node-0961,104000,524288,2,T4,1
962,openb-node-0962,104000,524288,2,T4,1
963,openb-node-0963,104000,524288,2,T4,1
964,openb-node-0964,104000,524288,2,T4,1
965,openb-node-0965,104000,524288,2,T4,1
966,openb-node-0966,104000,524288,2,T4,1
967,openb-node-0967,104000,524288,2,T4,1
968,openb-node-0968,104000,524288,2,T4,1
969,openb-node-0969,104000,524288,2,T4,1
970,openb-node-0970,104000,524288,2,T4,1
971,openb-node-0971,104000,524288,2,T4,1
972,openb-node-0972,104000,524288,2,T4,1
973,openb-node-0973,104000,524288,2,T4,1
974,openb-node-0974,104000,524288,2,T4,1
975,openb-node-0975,96000,393216,8,G2,1
976,openb-node-0976,96000,393216,8,G2,1
977,openb-node-0977,64000,262144,0,CPU-only,0
978,openb-node-0978,16000,122880,2,P100,1
979,openb-node-0979,96000,393216,8,G2,1
980,openb-node-0980,96000,393216,8,G2,1
981,openb-node-0981,8000,32768,1,V100M16,1
982,openb-node-0982,104000,524288,2,T4,1
983,openb-node-0983,104000,524288,2,T4,1
984,openb-node-0984,104000,524288,2,T4,1
985,openb-node-0985,104000,524288,2,T4,1
986,openb-node-0986,104000,524288,2,T4,1
987,openb-node-0987,104000,524288,2,T4,1
988,openb-node-0988,104000,524288,2,T4,1
989,openb-node-0989,104000,524288,2,T4,1
990,openb-node-0990,104000,524288,2,T4,1
991,openb-node-0991,104000,524288,2,T4,1
992,openb-node-0992,104000,524288,2,T4,1
993,openb-node-0993,104000,524288,2,T4,1
994,openb-node-0994,104000,524288,2,T4,1
995,openb-node-0995,104000,524288,2,T4,1
996,openb-node-0996,104000,524288,2,T4,1
997,openb-node-0997,104000,524288,2,T4,1
998,openb-node-0998,104000,524288,2,T4,1
999,openb-node-0999,104000,524288,2,T4,1
1000,openb-node-1000,104000,524288,2,T4,1
1001,openb-node-1001,104000,524288,2,T4,1
1002,openb-node-1002,96000,393216,8,G2,1
1003,openb-node-1003,96000,393216,8,G2,1
1004,openb-node-1004,96000,393216,8,G2,1
1005,openb-node-1005,96000,393216,8,G2,1
1006,openb-node-1006,64000,262144,0,CPU-only,0
1007,openb-node-1007,104000,524288,2,T4,1
1008,openb-node-1008,104000,524288,2,T4,1
1009,openb-node-1009,104000,524288,0,CPU-only,0
1010,openb-node-1010,96000,393216,8,G2,1
1011,openb-node-1011,96000,393216,8,G2,1
1012,openb-node-1012,96000,393216,8,G2,1
1013,openb-node-1013,96000,393216,8,G2,1
1014,openb-node-1014,96000,393216,8,G2,1
1015,openb-node-1015,96000,393216,8,G2,1
1016,openb-node-1016,96000,393216,8,G2,1
1017,openb-node-1017,96000,393216,8,G2,1
1018,openb-node-1018,104000,524288,2,T4,1
1019,openb-node-1019,104000,524288,2,T4,1
1020,openb-node-1020,104000,524288,2,T4,1
1021,openb-node-1021,104000,524288,2,T4,1
1022,openb-node-1022,104000,524288,2,T4,1
1023,openb-node-1023,104000,524288,2,T4,1
1024,openb-node-1024,104000,524288,2,T4,1
1025,openb-node-1025,104000,524288,2,T4,1
1026,openb-node-1026,104000,524288,2,T4,1
1027,openb-node-1027,104000,524288,2,T4,1
1028,openb-node-1028,104000,524288,2,T4,1
1029,openb-node-1029,104000,524288,2,T4,1
1030,openb-node-1030,104000,524288,2,T4,1
1031,openb-node-1031,104000,524288,2,T4,1
1032,openb-node-1032,96000,393216,8,G2,1
1033,openb-node-1033,96000,393216,8,G2,1
1034,openb-node-1034,96000,393216,8,G2,1
1035,openb-node-1035,96000,393216,8,G2,1
1036,openb-node-1036,96000,393216,8,G2,1
1037,openb-node-1037,8000,32768,1,V100M16,1
1038,openb-node-1038,104000,524288,2,T4,1
1039,openb-node-1039,104000,524288,2,T4,1
1040,openb-node-1040,96000,393216,8,G2,1
1041,openb-node-1041,96000,393216,8,G2,1
1042,openb-node-1042,96000,393216,8,G2,1
1043,openb-node-1043,96000,393216,8,G2,1
1044,openb-node-1044,32000,131072,0,CPU-only,0
1045,openb-node-1045,104000,524288,2,T4,1
1046,openb-node-1046,104000,524288,2,T4,1
1047,openb-node-1047,104000,524288,2,T4,1
1048,openb-node-1048,104000,524288,2,T4,1
1049,openb-node-1049,104000,524288,2,T4,1
1050,openb-node-1050,104000,524288,2,T4,1
1051,openb-node-1051,104000,524288,2,T4,1
1052,openb-node-1052,104000,524288,2,T4,1
1053,openb-node-1053,96000,393216,8,G2,1
1054,openb-node-1054,96000,393216,8,G2,1
1055,openb-node-1055,96000,393216,8,G2,1
1056,openb-node-1056,48000,376832,4,V100M32,1
1057,openb-node-1057,48000,376832,4,V100M32,1
1058,openb-node-1058,104000,524288,2,T4,1
1059,openb-node-1059,104000,524288,2,T4,1
1060,openb-node-1060,96000,393216,8,G2,1
1061,openb-node-1061,96000,393216,8,G2,1
1062,openb-node-1062,96000,524288,0,CPU-only,0
1063,openb-node-1063,32000,65536,0,CPU-only,0
1064,openb-node-1064,96000,393216,8,G2,1
1065,openb-node-1065,96000,393216,8,G2,1
1066,openb-node-1066,96000,393216,8,G2,1
1067,openb-node-1067,96000,393216,8,G2,1
1068,openb-node-1068,96000,393216,8,G2,1
1069,openb-node-1069,96000,393216,8,G2,1
1070,openb-node-1070,96000,393216,8,G2,1
1071,openb-node-1071,104000,524288,2,T4,1
1072,openb-node-1072,96000,393216,4,T4,1
1073,openb-node-1073,104000,524288,2,T4,1
1074,openb-node-1074,96000,393216,8,G2,1
1075,openb-node-1075,96000,393216,8,G2,1
1076,openb-node-1076,96000,393216,8,G2,1
1077,openb-node-1077,96000,393216,8,G2,1
1078,openb-node-1078,96000,393216,8,G2,1
1079,openb-node-1079,96000,393216,8,G2,1
1080,openb-node-1080,96000,393216,8,G2,1
1081,openb-node-1081,96000,393216,8,G2,1
1082,openb-node-1082,96000,393216,8,G2,1
1083,openb-node-1083,96000,393216,8,G2,1
1084,openb-node-1084,96000,393216,8,G2,1
1085,openb-node-1085,96000,393216,8,G2,1
1086,openb-node-1086,96000,393216,8,G2,1
1087,openb-node-1087,96000,786432,8,V100M32,1
1088,openb-node-1088,96000,393216,8,G2,1
1089,openb-node-1089,96000,393216,8,G2,1
1090,openb-node-1090,96000,393216,8,G2,1
1091,openb-node-1091,96000,393216,8,G2,1
1092,openb-node-1092,96000,393216,8,G2,1
1093,openb-node-1093,96000,393216,8,G2,1
1094,openb-node-1094,96000,393216,8,G2,1
1095,openb-node-1095,96000,393216,8,G2,1
1096,openb-node-1096,96000,393216,8,G2,1
1097,openb-node-1097,32000,131072,4,V100M16,1
1098,openb-node-1098,104000,524288,0,CPU-only,0
1099,openb-node-1099,96000,786432,8,V100M32,1
1100,openb-node-1100,96000,393216,8,G2,1
1101,openb-node-1101,96000,393216,8,G2,1
1102,openb-node-1102,96000,393216,8,G2,1
1103,openb-node-1103,96000,393216,8,G2,1
1104,openb-node-1104,96000,393216,8,G2,1
1105,openb-node-1105,96000,393216,8,G2,1
1106,openb-node-1106,96000,393216,8,G2,1
1107,openb-node-1107,96000,393216,8,G2,1
1108,openb-node-1108,96000,393216,8,G2,1
1109,openb-node-1109,128000,786432,8,G3,1
1110,openb-node-1110,16000,122880,2,P100,1
1111,openb-node-1111,96000,393216,8,G2,1
1112,openb-node-1112,96000,393216,8,G2,1
1113,openb-node-1113,96000,393216,8,G2,1
1114,openb-node-1114,96000,393216,8,G2,1
1115,openb-node-1115,96000,393216,8,G2,1
1116,openb-node-1116,104000,524288,2,T4,1
1117,openb-node-1117,96000,393216,4,T4,1
1118,openb-node-1118,96000,393216,8,G2,1
1119,openb-node-1119,32000,65536,0,CPU-only,0
1120,openb-node-1120,64000,262144,8,V100M16,1
1121,openb-node-1121,104000,524288,2,T4,1
1122,openb-node-1122,96000,524288,0,CPU-only,0
1123,openb-node-1123,96000,524288,0,CPU-only,0
1124,openb-node-1124,96000,393216,8,G2,1
1125,openb-node-1125,96000,393216,8,G2,1
1126,openb-node-1126,96000,393216,8,G2,1
1127,openb-node-1127,96000,393216,8,G2,1
1128,openb-node-1128,32000,131072,4,V100M16,1
1129,openb-node-1129,48000,376832,4,V100M32,1
1130,openb-node-1130,96000,393216,8,G2,1
1131,openb-node-1131,96000,393216,8,G2,1
1132,openb-node-1132,96000,393216,8,G2,1
1133,openb-node-1133,96000,393216,8,G2,1
1134,openb-node-1134,96000,393216,8,G2,1
1135,openb-node-1135,96000,393216,8,G2,1
1136,openb-node-1136,128000,786432,8,G3,1
1137,openb-node-1137,96000,393216,8,G2,1
1138,openb-node-1138,96000,393216,8,G2,1
1139,openb-node-1139,8000,32768,1,V100M16,1
1140,openb-node-1140,96000,393216,8,G2,1
1141,openb-node-1141,96000,393216,8,G2,1
1142,openb-node-1142,96000,393216,8,G2,1
1143,openb-node-1143,16000,122880,2,P100,1
1144,openb-node-1144,64000,262144,0,CPU-only,0
1145,openb-node-1145,96000,786432,8,V100M32,1
1146,openb-node-1146,16000,122880,2,P100,1
1147,openb-node-1147,16000,122880,2,P100,1
1148,openb-node-1148,16000,122880,2,P100,1
1149,openb-node-1149,104000,524288,2,T4,1
1150,openb-node-1150,104000,524288,2,T4,1
1151,openb-node-1151,104000,524288,2,T4,1
1152,openb-node-1152,104000,524288,2,T4,1
1153,openb-node-1153,104000,524288,2,T4,1
1154,openb-node-1154,104000,524288,2,T4,1
1155,openb-node-1155,104000,524288,2,T4,1
1156,openb-node-1156,104000,524288,2,T4,1
1157,openb-node-1157,104000,524288,2,T4,1
1158,openb-node-1158,104000,524288,2,T4,1
1159,openb-node-1159,104000,524288,2,T4,1
1160,openb-node-1160,104000,524288,2,T4,1
1161,openb-node-1161,104000,524288,2,T4,1
1162,openb-node-1162,104000,524288,2,T4,1
1163,openb-node-1163,96000,393216,8,G2,1
1164,openb-node-1164,96000,393216,8,G2,1
1165,openb-node-1165,104000,524288,2,T4,1
1166,openb-node-1166,104000,524288,2,T4,1
1167,openb-node-1167,96000,786432,8,V100M32,1
1168,openb-node-1168,96000,393216,8,G2,1
1169,openb-node-1169,32000,131072,4,V100M16,1
1170,openb-node-1170,96000,393216,8,G2,1
1171,openb-node-1171,96000,393216,8,G2,1
1172,openb-node-1172,96000,393216,8,G2,1
1173,openb-node-1173,96000,524288,0,CPU-only,0
1174,openb-node-1174,96000,393216,8,G2,1
1175,openb-node-1175,8000,32768,1,V100M16,1
1176,openb-node-1176,8000,32768,1,V100M16,1
1177,openb-node-1177,16000,122880,2,P100,1
1178,openb-node-1178,96000,393216,8,G2,1
1179,openb-node-1179,96000,393216,8,G2,1
1180,openb-node-1180,96000,393216,8,G2,1
1181,openb-node-1181,96000,393216,8,G2,1
1182,openb-node-1182,96000,393216,8,G2,1
1183,openb-node-1183,96000,393216,8,G2,1
1184,openb-node-1184,48000,376832,4,V100M32,1
1185,openb-node-1185,104000,524288,2,T4,1
1186,openb-node-1186,104000,524288,2,T4,1
1187,openb-node-1187,96000,393216,8,G2,1
1188,openb-node-1188,32000,131072,0,CPU-only,0
1189,openb-node-1189,32000,131072,0,CPU-only,0
1190,openb-node-1190,104000,524288,0,CPU-only,0
1191,openb-node-1191,96000,393216,4,T4,1
1192,openb-node-1192,96000,393216,8,G2,1
1193,openb-node-1193,96000,393216,8,G2,1
1194,openb-node-1194,96000,393216,8,G2,1
1195,openb-node-1195,96000,393216,8,G2,1
1196,openb-node-1196,16000,122880,2,P100,1
1197,openb-node-1197,96000,786432,8,V100M32,1
1198,openb-node-1198,96000,393216,8,G2,1
1199,openb-node-1199,96000,393216,8,G2,1
1200,openb-node-1200,96000,393216,8,G2,1
1201,openb-node-1201,96000,524288,0,CPU-only,0
1202,openb-node-1202,104000,524288,2,T4,1
1203,openb-node-1203,104000,524288,2,T4,1
1204,openb-node-1204,32000,131072,4,V100M16,1
1205,openb-node-1205,96000,524288,0,CPU-only,0
1206,openb-node-1206,128000,786432,8,G3,1
1207,openb-node-1207,96000,524288,0,CPU-only,0
1208,openb-node-1208,96000,524288,0,CPU-only,0
1209,openb-node-1209,96000,524288,0,CPU-only,0
1210,openb-node-1210,96000,393216,8,G2,1
1211,openb-node-1211,96000,393216,8,G2,1
1212,openb-node-1212,96000,393216,8,G2,1
1213,openb-node-1213,96000,393216,8,G2,1
1214,openb-node-1214,96000,393216,8,G2,1
1215,openb-node-1215,104000,524288,2,T4,1
1216,openb-node-1216,104000,524288,2,T4,1
1217,openb-node-1217,96000,393216,8,G2,1
1218,openb-node-1218,16000,122880,2,P100,1
1219,openb-node-1219,16000,122880,2,P100,1
1220,openb-node-1220,96000,393216,8,G2,1
1221,openb-node-1221,96000,786432,8,V100M32,1
1222,openb-node-1222,96000,393216,8,G2,1
1223,openb-node-1223,96000,393216,8,G2,1
1224,openb-node-1224,104000,196608,0,CPU-only,0
1225,openb-node-1225,48000,376832,4,V100M32,1
1226,openb-node-1226,32000,131072,4,V100M16,1
1227,openb-node-1227,32000,131072,0,CPU-only,0
1228,openb-node-1228,96000,393216,8,G2,1
1229,openb-node-1229,96000,393216,8,G2,1
1230,openb-node-1230,96000,393216,8,G2,1
1231,openb-node-1231,16000,122880,2,P100,1
1232,openb-node-1232,104000,524288,2,T4,1
1233,openb-node-1233,104000,524288,2,T4,1
1234,openb-node-1234,104000,524288,2,T4,1
1235,openb-node-1235,104000,524288,2,T4,1
1236,openb-node-1236,104000,524288,2,T4,1
1237,openb-node-1237,104000,524288,2,T4,1
1238,openb-node-1238,104000,524288,2,T4,1
1239,openb-node-1239,104000,524288,2,T4,1
1240,openb-node-1240,104000,524288,2,T4,1
1241,openb-node-1241,104000,524288,2,T4,1
1242,openb-node-1242,104000,524288,2,T4,1
1243,openb-node-1243,104000,524288,2,T4,1
1244,openb-node-1244,96000,393216,8,G2,1
1245,openb-node-1245,96000,393216,8,G2,1
1246,openb-node-1246,96000,393216,8,G2,1
1247,openb-node-1247,96000,524288,0,CPU-only,0
1248,openb-node-1248,96000,393216,8,G2,1
1249,openb-node-1249,96000,393216,8,G2,1
1250,openb-node-1250,96000,393216,8,G2,1
1251,openb-node-1251,96000,393216,8,G2,1
1252,openb-node-1252,96000,393216,8,G2,1
1253,openb-node-1253,104000,524288,2,T4,1
1254,openb-node-1254,16000,122880,2,P100,1
1255,openb-node-1255,32000,131072,0,CPU-only,0
1256,openb-node-1256,96000,393216,8,G2,1
1257,openb-node-1257,16000,122880,2,P100,1
1258,openb-node-1258,16000,122880,2,P100,1
1259,openb-node-1259,16000,122880,2,P100,1
1260,openb-node-1260,128000,786432,8,G3,1
1261,openb-node-1261,96000,393216,8,G2,1
1262,openb-node-1262,96000,393216,8,G2,1
1263,openb-node-1263,96000,393216,8,G2,1
1264,openb-node-1264,96000,393216,8,G2,1
1265,openb-node-1265,96000,393216,8,G2,1
1266,openb-node-1266,32000,65536,0,CPU-only,0
1267,openb-node-1267,96000,393216,8,G2,1
1268,openb-node-1268,128000,786432,8,G3,1
1269,openb-node-1269,128000,786432,8,G3,1
1270,openb-node-1270,16000,122880,2,P100,1
1271,openb-node-1271,96000,393216,8,G2,1
1272,openb-node-1272,96000,393216,8,G2,1
1273,openb-node-1273,96000,393216,8,G2,1
1274,openb-node-1274,96000,393216,8,G2,1
1275,openb-node-1275,96000,393216,8,G2,1
1276,openb-node-1276,96000,393216,8,G2,1
1277,openb-node-1277,16000,122880,2,P100,1
1278,openb-node-1278,96000,786432,8,V100M32,1
1279,openb-node-1279,104000,524288,2,T4,1
1280,openb-node-1280,16000,122880,2,P100,1
1281,openb-node-1281,8000,61440,2,P100,1
1282,openb-node-1282,8000,61440,2,P100,1
1283,openb-node-1283,96000,393216,8,G2,1
1284,openb-node-1284,96000,393216,8,G2,1
1285,openb-node-1285,96000,393216,8,G2,1
1286,openb-node-1286,96000,393216,8,G2,1
1287,openb-node-1287,32000,131072,4,V100M16,1
1288,openb-node-1288,32000,131072,4,V100M16,1
1289,openb-node-1289,48000,376832,4,V100M32,1
1290,openb-node-1290,104000,524288,2,T4,1
1291,openb-node-1291,96000,393216,8,G2,1
1292,openb-node-1292,96000,393216,8,G2,1
1293,openb-node-1293,96000,393216,8,G2,1
1294,openb-node-1294,96000,393216,8,G2,1
1295,openb-node-1295,16000,122880,2,P100,1
1296,openb-node-1296,96000,393216,8,G2,1
1297,openb-node-1297,104000,524288,2,T4,1
1298,openb-node-1298,96000,393216,8,G2,1
1299,openb-node-1299,96000,393216,8,G2,1
1300,openb-node-1300,96000,393216,8,G2,1
1301,openb-node-1301,96000,393216,8,G2,1
1302,openb-node-1302,96000,393216,8,G2,1
1303,openb-node-1303,96000,393216,8,G2,1
1304,openb-node-1304,96000,393216,8,G2,1
1305,openb-node-1305,32000,131072,4,V100M16,1
1306,openb-node-1306,96000,524288,0,CPU-only,0
1307,openb-node-1307,96000,524288,0,CPU-only,0
1308,openb-node-1308,96000,524288,0,CPU-only,0
1309,openb-node-1309,96000,524288,0,CPU-only,0
1310,openb-node-1310,104000,524288,2,T4,1
1311,openb-node-1311,104000,524288,2,T4,1
1312,openb-node-1312,104000,524288,2,T4,1
1313,openb-node-1313,104000,524288,2,T4,1
1314,openb-node-1314,104000,524288,2,T4,1
1315,openb-node-1315,104000,524288,2,T4,1
1316,openb-node-1316,104000,524288,2,T4,1
1317,openb-node-1317,96000,393216,8,G2,1
1318,openb-node-1318,96000,393216,8,G2,1
1319,openb-node-1319,96000,393216,8,G2,1
1320,openb-node-1320,96000,393216,8,G2,1
1321,openb-node-1321,16000,122880,2,P100,1
1322,openb-node-1322,104000,524288,2,T4,1
1323,openb-node-1323,104000,524288,2,T4,1
1324,openb-node-1324,96000,393216,8,G2,1
1325,openb-node-1325,96000,393216,8,G2,1
1326,openb-node-1326,96000,393216,8,G2,1
1327,openb-node-1327,96000,393216,8,G2,1
1328,openb-node-1328,128000,1048576,1,A10,1
1329,openb-node-1329,128000,1048576,1,A10,1
1330,openb-node-1330,96000,393216,8,G2,1
1331,openb-node-1331,96000,393216,8,G2,1
1332,openb-node-1332,96000,393216,8,G2,1
1333,openb-node-1333,96000,393216,8,G2,1
1334,openb-node-1334,104000,524288,0,CPU-only,0
1335,openb-node-1335,96000,393216,8,G2,1
1336,openb-node-1336,96000,393216,8,G2,1
1337,openb-node-1337,96000,393216,8,G2,1
1338,openb-node-1338,96000,393216,8,G2,1
1339,openb-node-1339,96000,393216,8,G2,1
1340,openb-node-1340,96000,393216,4,T4,1
1341,openb-node-1341,128000,786432,8,G3,1
1342,openb-node-1342,128000,786432,8,G3,1
1343,openb-node-1343,104000,524288,2,T4,1
1344,openb-node-1344,96000,393216,8,G2,1
1345,openb-node-1345,96000,393216,8,G2,1
1346,openb-node-1346,16000,122880,2,P100,1
1347,openb-node-1347,96000,786432,8,V100M32,1
1348,openb-node-1348,16000,122880,2,P100,1
1349,openb-node-1349,16000,122880,2,P100,1
1350,openb-node-1350,16000,122880,2,P100,1
1351,openb-node-1351,16000,122880,2,P100,1
1352,openb-node-1352,16000,122880,2,P100,1
1353,openb-node-1353,16000,122880,2,P100,1
1354,openb-node-1354,16000,122880,2,P100,1
1355,openb-node-1355,16000,122880,2,P100,1
1356,openb-node-1356,16000,122880,2,P100,1
1357,openb-node-1357,16000,122880,2,P100,1
1358,openb-node-1358,16000,122880,2,P100,1
1359,openb-node-1359,32000,131072,0,CPU-only,0
1360,openb-node-1360,16000,122880,2,P100,1
1361,openb-node-1361,32000,131072,0,CPU-only,0
1362,openb-node-1362,96000,786432,0,CPU-only,0
1363,openb-node-1363,104000,524288,2,T4,1
1364,openb-node-1364,16000,122880,2,P100,1
1365,openb-node-1365,16000,122880,2,P100,1
1366,openb-node-1366,96000,393216,8,G2,1
1367,openb-node-1367,96000,393216,8,G2,1
1368,openb-node-1368,96000,393216,8,G2,1
1369,openb-node-1369,96000,393216,8,G2,1
1370,openb-node-1370,104000,524288,0,CPU-only,0
1371,openb-node-1371,96000,393216,4,T4,1
1372,openb-node-1372,96000,393216,8,G2,1
1373,openb-node-1373,96000,393216,8,G2,1
1374,openb-node-1374,96000,393216,8,G2,1
1375,openb-node-1375,32000,65536,0,CPU-only,0
1376,openb-node-1376,32000,65536,0,CPU-only,0
1377,openb-node-1377,96000,393216,8,G2,1
1378,openb-node-1378,104000,524288,2,T4,1
1379,openb-node-1379,16000,122880,2,P100,1
1380,openb-node-1380,96000,393216,8,G2,1
1381,openb-node-1381,96000,786432,8,V100M32,1
1382,openb-node-1382,16000,122880,2,P100,1
1383,openb-node-1383,8000,32768,1,V100M16,1
1384,openb-node-1384,64000,262144,8,V100M16,1
1385,openb-node-1385,104000,524288,2,T4,1
1386,openb-node-1386,96000,393216,8,G2,1
1387,openb-node-1387,96000,393216,8,G2,1
1388,openb-node-1388,96000,393216,8,G2,1
1389,openb-node-1389,104000,524288,0,CPU-only,0
1390,openb-node-1390,96000,393216,8,G2,1
1391,openb-node-1391,96000,393216,8,G2,1
1392,openb-node-1392,104000,524288,2,T4,1
1393,openb-node-1393,16000,122880,2,P100,1
1394,openb-node-1394,16000,122880,2,P100,1
1395,openb-node-1395,96000,524288,0,CPU-only,0
1396,openb-node-1396,32000,65536,0,CPU-only,0
1397,openb-node-1397,96000,393216,8,G2,1
1398,openb-node-1398,96000,393216,8,G2,1
1399,openb-node-1399,104000,524288,2,T4,1
1400,openb-node-1400,104000,524288,2,T4,1
1401,openb-node-1401,104000,524288,2,T4,1
1402,openb-node-1402,104000,524288,2,T4,1
1403,openb-node-1403,104000,524288,2,T4,1
1404,openb-node-1404,104000,524288,2,T4,1
1405,openb-node-1405,104000,524288,2,T4,1
1406,openb-node-1406,104000,524288,2,T4,1
1407,openb-node-1407,104000,524288,2,T4,1
1408,openb-node-1408,104000,524288,2,T4,1
1409,openb-node-1409,104000,524288,2,T4,1
1410,openb-node-1410,96000,393216,8,G2,1
1411,openb-node-1411,96000,393216,8,G2,1
1412,openb-node-1412,96000,393216,8,G2,1
1413,openb-node-1413,96000,393216,8,G2,1
1414,openb-node-1414,96000,393216,8,G2,1
1415,openb-node-1415,96000,393216,8,G2,1
1416,openb-node-1416,96000,393216,8,G2,1
1417,openb-node-1417,16000,122880,2,P100,1
1418,openb-node-1418,16000,122880,2,P100,1
1419,openb-node-1419,16000,122880,2,P100,1
1420,openb-node-1420,96000,393216,8,G2,1
1421,openb-node-1421,104000,524288,2,T4,1
1422,openb-node-1422,104000,524288,2,T4,1
1423,openb-node-1423,104000,524288,2,T4,1
1424,openb-node-1424,104000,524288,2,T4,1
1425,openb-node-1425,104000,524288,2,T4,1
1426,openb-node-1426,104000,524288,2,T4,1
1427,openb-node-1427,104000,524288,2,T4,1
1428,openb-node-1428,104000,524288,2,T4,1
1429,openb-node-1429,104000,524288,2,T4,1
1430,openb-node-1430,104000,524288,2,T4,1
1431,openb-node-1431,104000,524288,2,T4,1
1432,openb-node-1432,104000,524288,2,T4,1
1433,openb-node-1433,104000,524288,2,T4,1
1434,openb-node-1434,104000,524288,2,T4,1
1435,openb-node-1435,104000,524288,2,T4,1
1436,openb-node-1436,104000,524288,0,CPU-only,0
1437,openb-node-1437,96000,393216,4,T4,1
1438,openb-node-1438,128000,786432,8,G3,1
1439,openb-node-1439,96000,393216,8,G2,1
1440,openb-node-1440,96000,393216,8,G2,1
1441,openb-node-1441,96000,393216,8,G2,1
1442,openb-node-1442,96000,393216,8,G2,1
1443,openb-node-1443,96000,393216,8,G2,1
1444,openb-node-1444,32000,131072,4,V100M16,1
1445,openb-node-1445,16000,122880,2,P100,1
1446,openb-node-1446,96000,393216,8,G2,1
1447,openb-node-1447,8000,32768,1,V100M16,1
1448,openb-node-1448,8000,32768,1,V100M16,1
1449,openb-node-1449,16000,122880,2,P100,1
1450,openb-node-1450,16000,122880,2,P100,1
1451,openb-node-1451,16000,122880,2,P100,1
1452,openb-node-1452,16000,122880,2,P100,1
1453,openb-node-1453,16000,122880,2,P100,1
1454,openb-node-1454,96000,393216,8,G2,1
1455,openb-node-1455,96000,393216,8,G2,1
1456,openb-node-1456,96000,393216,8,G2,1
1457,openb-node-1457,104000,524288,2,T4,1
1458,openb-node-1458,104000,524288,2,T4,1
1459,openb-node-1459,104000,524288,2,T4,1
1460,openb-node-1460,104000,524288,2,T4,1
1461,openb-node-1461,104000,524288,2,T4,1
1462,openb-node-1462,104000,524288,2,T4,1
1463,openb-node-1463,104000,524288,2,T4,1
1464,openb-node-1464,104000,524288,2,T4,1
1465,openb-node-1465,104000,524288,2,T4,1
1466,openb-node-1466,104000,524288,2,T4,1
1467,openb-node-1467,104000,524288,2,T4,1
1468,openb-node-1468,104000,524288,2,T4,1
1469,openb-node-1469,104000,524288,2,T4,1
1470,openb-node-1470,104000,524288,2,T4,1
1471,openb-node-1471,104000,524288,2,T4,1
1472,openb-node-1472,104000,524288,2,T4,1
1473,openb-node-1473,128000,786432,8,G3,1
1474,openb-node-1474,96000,393216,8,G2,1
1475,openb-node-1475,8000,32768,1,V100M16,1
1476,openb-node-1476,96000,393216,8,G2,1
1477,openb-node-1477,128000,786432,8,G3,1
1478,openb-node-1478,96000,393216,8,G2,1
1479,openb-node-1479,96000,524288,0,CPU-only,0
1480,openb-node-1480,96000,524288,0,CPU-only,0
1481,openb-node-1481,96000,524288,0,CPU-only,0
1482,openb-node-1482,104000,524288,2,T4,1
1483,openb-node-1483,104000,524288,2,T4,1
1484,openb-node-1484,104000,524288,2,T4,1
1485,openb-node-1485,104000,524288,2,T4,1
1486,openb-node-1486,104000,524288,2,T4,1
1487,openb-node-1487,104000,524288,2,T4,1
1488,openb-node-1488,104000,524288,2,T4,1
1489,openb-node-1489,104000,524288,2,T4,1
1490,openb-node-1490,104000,524288,2,T4,1
1491,openb-node-1491,104000,524288,2,T4,1
1492,openb-node-1492,104000,524288,2,T4,1
1493,openb-node-1493,104000,524288,2,T4,1
1494,openb-node-1494,104000,524288,2,T4,1
1495,openb-node-1495,104000,524288,2,T4,1
1496,openb-node-1496,96000,393216,8,G2,1
1497,openb-node-1497,96000,393216,8,G2,1
1498,openb-node-1498,96000,393216,8,G2,1
1499,openb-node-1499,96000,393216,8,G2,1
1500,openb-node-1500,96000,393216,4,T4,1
1501,openb-node-1501,104000,524288,2,T4,1
1502,openb-node-1502,104000,524288,2,T4,1
1503,openb-node-1503,104000,524288,2,T4,1
1504,openb-node-1504,104000,524288,2,T4,1
1505,openb-node-1505,104000,524288,2,T4,1
1506,openb-node-1506,104000,524288,2,T4,1
1507,openb-node-1507,104000,524288,2,T4,1
1508,openb-node-1508,104000,524288,2,T4,1
1509,openb-node-1509,104000,524288,2,T4,1
1510,openb-node-1510,104000,524288,2,T4,1
1511,openb-node-1511,104000,524288,2,T4,1
1512,openb-node-1512,96000,393216,8,G2,1
1513,openb-node-1513,96000,393216,8,G2,1
1514,openb-node-1514,96000,393216,8,G2,1
1515,openb-node-1515,96000,393216,8,G2,1
1516,openb-node-1516,96000,393216,8,G2,1
1517,openb-node-1517,104000,524288,2,T4,1
1518,openb-node-1518,104000,524288,2,T4,1
1519,openb-node-1519,104000,524288,2,T4,1
1520,openb-node-1520,104000,524288,2,T4,1
1521,openb-node-1521,96000,393216,8,G2,1
1522,openb-node-1522,96000,393216,8,G2,1
